encrypt-message-wasm,61
encrypt-message-wasm,59
encrypt-message-wasm,56
encrypt-message-wasm,61
encrypt-message-wasm,56

encrypt-message-wasm,1103
encrypt-message-wasm,1100
encrypt-message-wasm,1105
encrypt-message-wasm,1099
encrypt-message-wasm,1106

encrypt-message-wasm,21880
encrypt-message-wasm,21939
encrypt-message-wasm,21830
encrypt-message-wasm,21958
encrypt-message-wasm,21940

encrypt-message-wasm,219290
encrypt-message-wasm,219238
encrypt-message-wasm,219239
encrypt-message-wasm,219321
encrypt-message-wasm,218920


