audio-generation-wasm,3131
audio-generation-wasm,2334
audio-generation-wasm,2476
audio-generation-wasm,3246
audio-generation-wasm,3622

audio-generation-wasm,3150
audio-generation-wasm,2794
audio-generation-wasm,4703
audio-generation-wasm,2971
audio-generation-wasm,4568

audio-generation-wasm,5556
audio-generation-wasm,5629
audio-generation-wasm,5879
audio-generation-wasm,5746
audio-generation-wasm,5783

audio-generation-wasm,9671
audio-generation-wasm,8739
audio-generation-wasm,8231
audio-generation-wasm,8538
audio-generation-wasm,8127

audio-generation-wasm,16257
audio-generation-wasm,14473
audio-generation-wasm,20714
audio-generation-wasm,15637
audio-generation-wasm,15699

