decrypt-message-wasm,2769
decrypt-message-wasm,2382
decrypt-message-wasm,4216
decrypt-message-wasm,3951
decrypt-message-wasm,3364

decrypt-message-wasm,3846
decrypt-message-wasm,6084
decrypt-message-wasm,4910
decrypt-message-wasm,4994
decrypt-message-wasm,3929

decrypt-message-wasm,13826
decrypt-message-wasm,13741
decrypt-message-wasm,13703
decrypt-message-wasm,14027
decrypt-message-wasm,14353

decrypt-message-wasm,27173
decrypt-message-wasm,27482
decrypt-message-wasm,24965
decrypt-message-wasm,25125
decrypt-message-wasm,24979

decrypt-message-wasm,47363
decrypt-message-wasm,46849
decrypt-message-wasm,48340
decrypt-message-wasm,48647
decrypt-message-wasm,47572

