image-resize-native,3407
image-resize-native,8277
image-resize-native,4267
image-resize-native,4666
image-resize-native,3383

image-resize-native,3611
image-resize-native,3226
image-resize-native,4703
image-resize-native,2952
image-resize-native,3769

image-resize-native,4029
image-resize-native,3267
image-resize-native,3615
image-resize-native,3831
image-resize-native,3721

image-resize-native,3477
image-resize-native,4220
image-resize-native,3517
image-resize-native,3639
image-resize-native,3751

