planet-system-simulation-wasm,4219
planet-system-simulation-wasm,3703
planet-system-simulation-wasm,3772
planet-system-simulation-wasm,7421
planet-system-simulation-wasm,2870

planet-system-simulation-wasm,10310
planet-system-simulation-wasm,11429
planet-system-simulation-wasm,10755
planet-system-simulation-wasm,10240
planet-system-simulation-wasm,9657

planet-system-simulation-wasm,82275
planet-system-simulation-wasm,81198
planet-system-simulation-wasm,81929
planet-system-simulation-wasm,80748
planet-system-simulation-wasm,80077

planet-system-simulation-wasm,198282
planet-system-simulation-wasm,198963
planet-system-simulation-wasm,200119
planet-system-simulation-wasm,200820
planet-system-simulation-wasm,197276

