language-detection-wasm,3302
language-detection-wasm,3186
language-detection-wasm,3851
language-detection-wasm,3869
language-detection-wasm,3083

language-detection-wasm,4877
language-detection-wasm,6090
language-detection-wasm,5018
language-detection-wasm,4855
language-detection-wasm,12829

language-detection-wasm,23165
language-detection-wasm,21512
language-detection-wasm,25856
language-detection-wasm,22405
language-detection-wasm,23261

language-detection-wasm,40793
language-detection-wasm,41279
language-detection-wasm,41150
language-detection-wasm,42476
language-detection-wasm,44083

language-detection-wasm,78515
language-detection-wasm,78976
language-detection-wasm,79262
language-detection-wasm,80179
language-detection-wasm,78414


