fuzzy-search-native,2914
fuzzy-search-native,2895
fuzzy-search-native,2502
fuzzy-search-native,3000
fuzzy-search-native,12806

fuzzy-search-native,4424
fuzzy-search-native,3801
fuzzy-search-native,3847
fuzzy-search-native,2411
fuzzy-search-native,2861

fuzzy-search-native,3419
fuzzy-search-native,3250
fuzzy-search-native,3742
fuzzy-search-native,4171
fuzzy-search-native,3881

fuzzy-search-native,10288
fuzzy-search-native,10817
fuzzy-search-native,9613
fuzzy-search-native,9484
fuzzy-search-native,10217

fuzzy-search-native,21165
fuzzy-search-native,20418
fuzzy-search-native,21227
fuzzy-search-native,20753
fuzzy-search-native,20363

